"RK",TIERS,"PLAYER NAME",TEAM,"POS","AGE","BEST","WORST","AVG.","STD.DEV","ECR VS. ADP"
"1",1,"Ja'Marr Chase",CIN,"WR1","25","1","2","1.2","0.4","-"
"2",1,"Justin Jefferson",MIN,"WR2","25","1","3","2.0","0.5","-"
"3",1,"CeeDee Lamb",DAL,"WR3","26","3","9","4.7","1.9","-"
"4",1,"Bijan Robinson",ATL,"RB1","23","3","9","4.8","1.3","-"
"5",2,"Malik Nabers",NYG,"WR4","21","3","16","6.2","3.2","-"
"6",2,"Jahmyr Gibbs",DET,"RB2","23","3","15","6.6","2.3","-"
"7",2,"Amon-Ra St. Brown",DET,"WR5","25","4","11","7.3","2.1","-"
"8",2,"Puka Nacua",LAR,"WR6","23","3","18","9.3","3.1","-"
"9",2,"Brian Thomas Jr.",JAC,"WR7","22","7","18","9.6","2.1","-"
"10",2,"Ashton Jeanty",LV,"RB3","21","5","35","10.2","5.3","-"
"11",2,"Nico Collins",HOU,"WR8","26","4","17","12.1","3.0","-"
"12",3,"Saquon Barkley",PHI,"RB4","28","5","25","13.2","5.1","-"
"13",3,"De'Von Achane",MIA,"RB5","23","10","31","15.9","5.1","-"
"14",3,"Drake London",ATL,"WR9","23","10","27","16.8","4.5","-"
"15",3,"Brock Bowers",LV,"TE1","22","7","31","17.5","6.4","-"
"16",3,"A.J. Brown",PHI,"WR10","27","11","34","18.2","5.7","-"
"17",3,"Ladd McConkey",LAC,"WR11","23","14","29","20.5","4.3","-"
"18",3,"Jaxon Smith-Njigba",SEA,"WR12","23","14","32","21.4","4.4","-"
"19",3,"Garrett Wilson",NYJ,"WR13","24","13","36","22.2","5.5","-"
"20",3,"Josh Allen",BUF,"QB1","29","14","30","22.3","4.1","-"
"21",4,"Marvin Harrison Jr.",ARI,"WR14","22","12","35","23.8","5.3","-"
"22",4,"Jonathan Taylor",IND,"RB6","26","12","54","24.2","9.8","-"
"23",4,"Omarion Hampton",LAC,"RB7","22","12","64","26.0","13.0","-"
"24",4,"Trey McBride",ARI,"TE2","25","13","43","26.1","6.7","-"
"25",4,"Lamar Jackson",BAL,"QB2","28","12","42","26.3","5.8","-"
"26",4,"Breece Hall",NYJ,"RB8","23","9","57","26.8","15.1","-"
"27",4,"Bucky Irving",TB,"RB9","22","12","50","27.3","10.2","-"
"28",4,"Jayden Daniels",WAS,"QB3","24","10","42","27.8","6.8","-"
"29",4,"Tee Higgins",CIN,"WR15","26","20","40","28.7","4.9","-"
"30",4,"Travis Hunter",JAC,"WR16","22","18","63","32.1","9.3","-"
"31",5,"James Cook",BUF,"RB10","25","15","55","36.4","11.1","-"
"32",5,"Rashee Rice",KC,"WR17","25","24","57","37.5","8.6","-"
"33",5,"Joe Burrow",CIN,"QB4","28","15","62","37.6","8.2","-"
"34",5,"Kyren Williams",LAR,"RB11","24","16","80","39.0","15.1","-"
"35",5,"DeVonta Smith",PHI,"WR18","26","26","59","39.0","8.9","-"
"36",5,"Jalen Hurts",PHI,"QB5","26","28","51","39.8","5.8","-"
"37",5,"Tetairoa McMillan",CAR,"WR19","22","19","119","40.6","25.0","-"
"38",5,"Zay Flowers",BAL,"WR20","24","30","72","41.3","10.2","-"
"39",5,"Sam LaPorta",DET,"TE3","24","21","52","41.7","6.8","-"
"40",5,"Chase Brown",CIN,"RB12","25","19","66","43.3","13.1","-"
"41",5,"Josh Jacobs",GB,"RB13","27","21","69","44.3","13.8","-"
"42",5,"Rome Odunze",CHI,"WR21","22","30","92","45.5","15.7","-"
"43",5,"Patrick Mahomes II",KC,"QB6","29","21","64","46.8","8.2","-"
"44",5,"Terry McLaurin",WAS,"WR22","29","22","70","47.4","11.8","-"
"45",5,"DK Metcalf",PIT,"WR23","27","35","69","47.5","9.2","-"
"46",5,"DJ Moore",CHI,"WR24","28","31","67","47.6","9.2","-"
"47",5,"Jordan Addison",MIN,"WR25","23","29","74","47.8","11.6","-"
"48",5,"Kenneth Walker III",SEA,"RB14","24","24","83","48.6","12.9","-"
"49",5,"TreVeyon Henderson",NE,"RB15","22","33","98","50.5","12.4","-"
"50",6,"Jaylen Waddle",MIA,"WR26","26","37","85","52.0","14.5","-"
"51",6,"George Kittle",SF,"TE4","31","30","82","52.7","12.3","-"
"52",6,"Chris Olave",NO,"WR27","24","33","80","54.5","15.4","-"
"53",6,"Xavier Worthy",KC,"WR28","22","31","89","55.7","15.7","-"
"54",6,"Justin Herbert",LAC,"QB7","27","43","81","57.0","9.4","-"
"55",6,"Christian McCaffrey",SF,"RB16","28","24","78","58.1","13.5","-"
"56",6,"T.J. Hockenson",MIN,"TE5","27","44","85","58.6","11.6","-"
"57",6,"Derrick Henry",BAL,"RB17","31","11","87","59.2","17.4","-"
"58",6,"C.J. Stroud",HOU,"QB8","23","27","92","60.0","15.7","-"
"59",6,"Jameson Williams",DET,"WR29","24","42","82","61.7","10.5","-"
"60",6,"Tyreek Hill",MIA,"WR30","31","29","102","66.4","14.8","-"
"61",6,"Quinshon Judkins",CLE,"RB18","21","24","230","66.7","47.5","-"
"62",6,"Caleb Williams",CHI,"QB9","23","47","115","67.5","17.5","-"
"63",6,"George Pickens",DAL,"WR31","24","35","101","70.0","17.5","-"
"64",7,"Bo Nix",DEN,"QB10","25","54","123","70.6","16.3","-"
"65",7,"Drake Maye",NE,"QB11","22","49","106","70.7","17.6","-"
"66",7,"Colston Loveland",CHI,"TE6","21","39","207","70.8","30.2","-"
"67",7,"Brandon Aiyuk",SF,"WR32","27","35","99","70.9","15.3","-"
"68",7,"Emeka Egbuka",TB,"WR33","22","39","212","71.5","37.0","-"
"69",7,"Tyler Warren",IND,"TE7","23","41","199","73.6","33.1","-"
"70",7,"Chuba Hubbard",CAR,"RB19","25","51","104","75.9","12.6","-"
"71",7,"Joe Mixon",HOU,"RB20","28","50","115","77.1","12.8","-"
"72",7,"Jerry Jeudy",CLE,"WR34","26","51","139","78.2","16.8","-"
"73",7,"Mark Andrews",BAL,"TE8","29","45","135","78.3","25.7","-"
"74",7,"David Njoku",CLE,"TE9","28","53","114","78.5","17.1","-"
"75",7,"Mike Evans",TB,"WR35","31","26","108","78.9","16.9","-"
"76",7,"Kyler Murray",ARI,"QB12","27","52","148","79.1","20.7","-"
"77",7,"Jordan Love",GB,"QB13","26","53","109","79.6","15.5","-"
"78",7,"David Montgomery",DET,"RB21","27","61","102","79.8","11.0","-"
"79",7,"Matthew Golden",GB,"WR36","21","49","199","81.0","26.3","-"
"80",7,"Davante Adams",LAR,"WR37","32","32","113","83.2","20.6","-"
"81",7,"Tucker Kraft",GB,"TE10","24","53","134","85.3","21.1","-"
"82",7,"Alvin Kamara",NO,"RB22","29","65","114","85.3","12.1","-"
"83",7,"Dalton Kincaid",BUF,"TE11","25","53","137","88.1","20.3","-"
"84",7,"Chris Godwin",TB,"WR38","29","62","112","88.3","11.3","-"
"85",7,"RJ Harvey",DEN,"RB23","24","30","294","88.6","59.8","-"
"86",7,"Jayden Reed",GB,"WR39","25","51","142","88.9","18.0","-"
"87",7,"Luther Burden III",CHI,"WR40","21","60","209","89.9","29.6","-"
"88",8,"Khalil Shakir",BUF,"WR41","25","56","126","92.4","16.3","-"
"89",8,"Brock Purdy",SF,"QB14","25","54","138","92.9","19.4","-"
"90",8,"Ricky Pearsall",SF,"WR42","24","60","154","92.9","19.7","-"
"91",8,"Courtland Sutton",DEN,"WR43","29","37","116","93.0","18.8","-"
"92",8,"Josh Downs",IND,"WR44","23","65","125","93.4","13.7","-"
"93",8,"Kaleb Johnson",PIT,"RB24","21","45","298","94.3","68.2","-"
"94",8,"Baker Mayfield",TB,"QB15","30","46","132","94.6","21.1","-"
"95",8,"Tyrone Tracy Jr.",NYG,"RB25","25","66","149","96.0","21.0","-"
"96",8,"Jayden Higgins",HOU,"WR45","22","68","141","96.2","19.3","-"
"97",8,"Brian Robinson Jr.",WAS,"RB26","26","57","130","96.6","14.4","-"
"98",8,"Michael Pittman Jr.",IND,"WR46","27","79","122","97.8","11.1","-"
"99",8,"Isiah Pacheco",KC,"RB27","26","60","156","98.2","22.3","-"
"100",8,"Tony Pollard",TEN,"RB28","28","74","133","100.5","16.9","-"
"101",8,"Evan Engram",DEN,"TE12","30","69","154","102.5","18.4","-"
"102",8,"D'Andre Swift",CHI,"RB29","26","74","139","103.3","17.7","-"
"103",8,"Jared Goff",DET,"QB16","30","45","146","104.1","23.1","-"
"104",8,"Trevor Lawrence",JAC,"QB17","25","72","149","105.1","14.5","-"
"105",8,"Calvin Ridley",TEN,"WR47","30","71","153","105.6","16.5","-"
"106",8,"James Conner",ARI,"RB30","30","72","140","105.8","19.8","-"
"107",8,"Kyle Pitts",ATL,"TE13","24","58","171","105.9","23.3","-"
"108",8,"Travis Kelce",KC,"TE14","35","59","157","106.5","23.2","-"
"109",8,"Tre Harris",LAC,"WR48","23","65","229","107.0","40.5","-"
"110",8,"Deebo Samuel Sr.",WAS,"WR49","29","83","155","109.1","17.2","-"
"111",8,"Jonnu Smith",MIA,"TE15","29","57","163","111.6","30.5","-"
"112",8,"J.J. McCarthy",MIN,"QB18","22","61","157","114.7","19.1","-"
"113",8,"Jauan Jennings",SF,"WR50","27","85","152","115.0","15.2","-"
"114",9,"Dak Prescott",DAL,"QB19","31","91","163","119.8","18.8","-"
"115",9,"Jalen McMillan",TB,"WR51","23","85","191","121.4","20.9","-"
"116",9,"Najee Harris",LAC,"RB31","27","80","164","122.6","22.5","-"
"117",9,"Travis Etienne Jr.",JAC,"RB32","26","80","200","124.0","24.3","-"
"118",9,"Aaron Jones Sr.",MIN,"RB33","30","82","185","124.1","28.4","-"
"119",9,"Bhayshul Tuten",JAC,"RB34","23","77","300","124.6","41.1","-"
"120",9,"Stefon Diggs",NE,"WR52","31","99","157","124.9","14.9","-"
"121",9,"Darnell Mooney",ATL,"WR53","27","104","169","124.9","17.3","-"
"122",9,"Jakobi Meyers",LV,"WR54","28","95","139","114.3","10.4","-"
"123",9,"Keon Coleman",BUF,"WR55","22","80","166","114.5","19.9","-"
"124",9,"Cooper Kupp",SEA,"WR56","31","84","165","125.3","19.9","-"
"125",9,"Jack Bech",LV,"WR57","22","93","257","126.3","33.5","-"
"126",9,"Dallas Goedert",PHI,"TE16","30","69","181","129.0","26.6","-"
"127",9,"Michael Penix Jr.",ATL,"QB20","25","72","164","129.2","18.7","-"
"128",9,"Rhamondre Stevenson",NE,"RB35","27","70","183","130.0","27.0","-"
"129",9,"Cameron Ward",TEN,"QB21","23","72","328","130.9","42.4","-"
"130",9,"Cam Skattebo",NYG,"RB36","23","74","277","131.9","49.5","-"
"131",9,"Rashid Shaheed",NO,"WR58","26","98","199","132.5","20.9","-"
"132",9,"Zach Charbonnet",SEA,"RB37","24","98","164","134.7","21.3","-"
"133",9,"Jake Ferguson",DAL,"TE17","26","89","186","134.8","20.3","-"
"134",9,"Pat Freiermuth",PIT,"TE18","26","78","173","137.2","20.4","-"
"135",9,"Tua Tagovailoa",MIA,"QB22","27","108","175","137.4","16.8","-"
"136",9,"Isaiah Likely",BAL,"TE19","25","103","183","138.1","22.2","-"
"137",9,"Mason Taylor",NYJ,"TE20","21","104","189","139.6","24.0","-"
"138",9,"Jaylen Warren",PIT,"RB38","26","90","193","140.1","25.6","-"
"139",9,"Trey Benson",ARI,"RB39","22","64","195","140.4","30.4","-"
"140",9,"Bryce Young",CAR,"QB23","23","112","167","142.7","12.1","-"
"141",9,"Justin Fields",NYJ,"QB24","26","107","215","143.5","20.6","-"
"142",9,"Jaylin Noel",HOU,"WR59","22","101","343","146.1","50.0","-"
"143",9,"Kyle Williams",NE,"WR60","22","94","396","146.5","59.5","-"
"144",9,"Rashod Bateman",BAL,"WR61","25","118","194","148.3","20.5","-"
"145",9,"Rachaad White",TB,"RB40","26","103","200","149.5","18.4","-"
"146",9,"Sam Darnold",SEA,"QB25","27","111","195","151.4","17.8","-"
"147",9,"Christian Kirk",HOU,"WR62","28","108","186","144.3","19.3","-"
"148",9,"Tank Bigsby",JAC,"RB41","22","94","221","155.6","29.8","-"
"149",9,"Anthony Richardson Sr.",IND,"QB26","23","116","204","156.4","21.1","-"
"150",10,"Javonte Williams",DAL,"RB42","25","105","220","163.0","29.7","-"
"151",10,"Cedric Tillman",CLE,"WR63","25","111","294","156.2","34.3","-"
"152",10,"Cade Otton",TB,"TE21","26","115","274","165.7","34.1","-"
"153",10,"Tyjae Spears",TEN,"RB43","23","112","214","156.3","21.5","-"
"154",10,"Romeo Doubs",GB,"WR64","25","119","224","156.5","24.2","-"
"155",10,"Jaxson Dart",NYG,"QB27","22","127","314","166.1","37.3","-"
"156",10,"Marvin Mims Jr.",DEN,"WR65","23","122","210","156.8","24.7","-"
"157",10,"Geno Smith",LV,"QB28","34","127","236","167.0","26.0","-"
"158",10,"Xavier Legette",CAR,"WR66","24","105","227","159.4","28.1","-"
"159",10,"Elic Ayomanor",TEN,"WR67","21","113","340","169.0","53.2","-"
"160",10,"Elijah Arroyo",SEA,"TE22","22","105","329","169.8","58.0","-"
"161",10,"Tank Dell",HOU,"WR68","25","107","293","170.8","42.5","-"
"162",10,"Matthew Stafford",LAR,"QB29","37","131","237","172.0","24.9","-"
"163",10,"Blake Corum",LAR,"RB44","24","119","230","172.1","22.2","-"
"164",10,"Marquise Brown",KC,"WR69","27","127","241","163.7","25.7","-"
"165",10,"Dylan Sampson",CLE,"RB45","20","126","330","179.9","42.7","-"
"166",10,"Jaydon Blue",DAL,"RB46","21","129","332","180.1","45.0","-"
"167",10,"Harold Fannin Jr.",CLE,"TE23","20","114","331","180.4","49.6","-"
"168",10,"Ja'Tavion Sanders",CAR,"TE24","22","153","225","180.7","16.3","-"
"169",10,"Ray Davis",BUF,"RB47","25","122","223","172.9","23.0","-"
"170",10,"Adonai Mitchell",IND,"WR70","22","136","227","175.3","23.1","-"
"171",10,"Quentin Johnston",LAC,"WR71","23","119","226","167.5","26.4","-"
"172",10,"Jordan Mason",MIN,"RB48","26","114","227","168.1","31.1","-"
"173",10,"Wan'Dale Robinson",NYG,"WR72","24","129","209","177.7","21.5","-"
"174",10,"Isaac Guerendo",SF,"RB49","24","132","359","187.3","43.4","-"
"175",10,"Cole Kmet",CHI,"TE25","26","121","303","180.1","44.4","-"
"176",10,"Jalen Royals",KC,"WR73","22","122","342","188.9","50.6","-"
"177",10,"Jalen Coker",CAR,"WR74","23","143","290","181.2","28.7","-"
"178",10,"Amari Cooper",FA,"WR75","30","107","246","162.8","28.8","-"
"179",10,"Rico Dowdle",CAR,"RB50","26","120","291","176.3","32.0","-"
"180",10,"Dontayvion Wicks",GB,"WR76","23","148","336","187.6","32.5","-"
"181",10,"Hunter Henry",NE,"TE26","30","123","277","188.1","40.0","-"
"182",10,"Braelon Allen",NYJ,"RB51","21","119","322","188.2","33.1","-"
"183",10,"Tyler Allgeier",ATL,"RB52","25","133","256","192.0","30.0","-"
"184",10,"Keenan Allen",FA,"WR77","33","112","245","173.9","30.2","-"
"185",10,"Christian Watson",GB,"WR78","26","134","284","186.3","29.6","-"
"186",10,"DeMario Douglas",NE,"WR79","24","159","259","195.3","26.3","-"
"187",10,"Joshua Palmer",BUF,"WR80","25","133","260","186.8","31.4","-"
"188",10,"Jaylen Wright",MIA,"RB53","22","140","315","188.6","29.5","-"
"189",11,"Devin Neal",NO,"RB54","21","133","367","206.6","58.6","-"
"190",11,"Jalen Milroe",SEA,"QB30","22","143","320","206.6","37.2","-"
"191",11,"MarShawn Lloyd",GB,"RB55","24","104","308","202.6","40.1","-"
"192",11,"DeAndre Hopkins",BAL,"WR81","32","127","306","185.1","34.3","-"
"193",11,"DJ Giddens",IND,"RB56","21","149","321","213.0","45.4","-"
"194",11,"Mike Gesicki",CIN,"TE27","29","151","318","215.7","47.3","-"
"195",11,"J.K. Dobbins",FA,"RB57","26","101","289","191.3","45.8","-"
"196",11,"Chig Okonkwo",TEN,"TE28","25","154","267","201.1","27.3","-"
"197",11,"Diontae Johnson",CLE,"WR82","28","145","275","201.7","28.9","-"
"198",11,"Jonathon Brooks",CAR,"RB58","21","130","314","196.1","46.4","-"
"199",11,"Jerome Ford",CLE,"RB59","25","132","296","206.9","40.6","-"
"200",11,"Dalton Schultz",HOU,"TE29","28","161","291","198.6","26.2","-"
"201",11,"Shedeur Sanders",CLE,"QB31","23","150","348","226.9","41.1","-"
"202",11,"Brenton Strange",JAC,"TE30","24","116","333","198.0","52.7","-"
"203",11,"Theo Johnson",NYG,"TE31","24","114","278","198.2","32.4","-"
"204",11,"Russell Wilson",NYG,"QB32","36","148","305","209.1","38.2","-"
"205",11,"Zach Ertz",WAS,"TE32","34","152","301","209.3","31.5","-"
"206",11,"Isaiah Bond",FA,"WR83","-","125","368","233.0","68.5","-"
"207",11,"Terrance Ferguson",LAR,"TE33","22","114","322","169.8","54.6","-"
"208",11,"Alec Pierce",IND,"WR84","25","151","262","202.7","30.0","-"
"209",11,"Ben Sinnott",WAS,"TE34","22","163","289","204.4","31.0","-"
"210",11,"Ollie Gordon II",MIA,"RB60","21","164","354","237.6","51.0","-"
"211",11,"Michael Wilson",ARI,"WR85","25","152","282","204.8","27.6","-"
"212",11,"Roman Wilson",PIT,"WR86","23","152","283","217.1","32.1","-"
"213",11,"Adam Thielen",CAR,"WR87","34","135","382","218.6","48.6","-"
"214",11,"Troy Franklin",DEN,"WR88","22","175","276","209.7","25.2","-"
"215",11,"Xavier Restrepo",TEN,"WR89","23","173","383","248.7","55.6","-"
"216",11,"Audric Estime",DEN,"RB61","21","133","298","219.1","36.4","-"
"217",11,"Roschon Johnson",CHI,"RB62","24","160","321","227.8","36.5","-"
"218",11,"Juwan Johnson",NO,"TE35","28","188","329","235.9","39.3","-"
"219",11,"Jaleel McLaughlin",DEN,"RB63","24","144","333","229.2","43.2","-"
"220",11,"Damien Martinez",SEA,"RB64","21","188","332","253.9","41.1","-"
"221",11,"Andrei Iosivas",CIN,"WR90","25","159","269","216.7","28.0","-"
"222",11,"Jalen Tolbert",DAL,"WR91","26","152","290","226.6","25.6","-"
"223",11,"Tez Johnson",TB,"WR92","23","170","384","259.3","51.1","-"
"224",11,"Noah Fant",SEA,"TE36","27","162","306","222.6","34.2","-"
"225",11,"Austin Ekeler",WAS,"RB65","30","146","327","232.6","45.8","-"
"226",11,"Nick Chubb",FA,"RB66","29","132","290","225.7","38.4","-"
"227",11,"Tyler Lockett",TEN,"WR93","32","189","293","237.5","23.5","-"
"228",12,"Kendre Miller",NO,"RB67","22","157","346","235.7","41.8","-"
"229",12,"Noah Gray",KC,"TE37","26","163","329","230.2","40.8","-"
"230",12,"Malik Washington",MIA,"WR94","24","194","288","233.3","25.4","-"
"231",12,"Tory Horton",SEA,"WR95","22","161","364","219.5","50.8","-"
"232",12,"Elijah Moore",BUF,"WR96","25","179","282","230.0","27.4","-"
"233",12,"Pat Bryant",DEN,"WR97","22","125","345","202.3","52.8","-"
"234",12,"Michael Mayer",LV,"TE38","23","140","315","226.0","40.9","-"
"235",12,"Darius Slayton",NYG,"WR98","28","192","383","245.7","42.9","-"
"236",12,"Devin Singletary",NYG,"RB68","27","210","306","255.1","31.4","-"
"237",12,"Tyler Shough",NO,"QB33","25","158","309","219.7","34.4","-"
"238",12,"Ja'Lynn Polk",NE,"WR99","23","192","368","239.0","39.7","-"
"239",12,"Brandin Cooks",NO,"WR100","31","189","309","248.0","27.0","-"
"240",12,"Parker Washington",JAC,"WR101","23","195","340","258.4","38.4","-"
"241",12,"Trevor Etienne",CAR,"RB69","20","157","373","245.4","55.2","-"
"242",12,"Aaron Rodgers",FA,"QB34","41","203","304","238.4","26.5","-"
"243",12,"Savion Williams",GB,"WR102","23","158","346","220.1","49.5","-"
"244",12,"Jarquez Hunter",LAR,"RB70","22","127","338","210.1","52.6","-"
"245",12,"Daniel Jones",IND,"QB35","28","178","312","242.5","35.4","-"
"246",12,"Antonio Gibson",NE,"RB71","26","187","359","259.8","42.3","-"
"247",12,"Kayshon Boutte",NE,"WR103","23","171","360","236.1","42.3","-"
"248",12,"Devaughn Vele",DEN,"WR104","27","192","382","261.9","48.9","-"
"249",12,"Luke McCaffrey",WAS,"WR105","24","193","319","247.8","29.8","-"
"250",12,"Tahj Brooks",CIN,"RB72","23","178","321","241.1","45.5","-"
"251",12,"Jordan Whittington",LAR,"WR106","24","182","381","250.9","46.3","-"
"252",12,"Brandon Aubrey",DAL,"K1","30","165","311","242.7","30.5","-"
"253",12,"Los Angeles Rams",LAR,"DST1","-","149","365","253.8","51.4","-"
"254",12,"Harrison Butker",KC,"K2","29","181","316","254.3","30.2","-"
"255",12,"Isaac TeSlaa",DET,"WR107","23","143","347","202.9","49.7","-"
"256",12,"Kareem Hunt",KC,"RB73","29","204","380","280.5","43.9","-"
"257",12,"Gabe Davis",FA,"WR108","26","180","379","249.6","39.2","-"
"258",12,"Jordan James",SF,"RB74","21","180","329","235.4","47.4","-"
"259",12,"Quinn Ewers",MIA,"QB36","22","267","388","313.0","42.0","-"
"260",12,"Keaton Mitchell",BAL,"RB75","23","201","368","288.9","43.0","-"
"261",12,"Brashard Smith",KC,"RB76","22","200","313","242.2","30.5","-"
"262",12,"Will Shipley",PHI,"RB77","22","190","380","277.0","49.3","-"
"263",12,"Khalil Herbert",IND,"RB78","27","216","392","287.0","44.5","-"
"264",12,"Isaiah Davis",NYJ,"RB79","23","217","386","287.2","39.4","-"
"265",12,"Justice Hill",BAL,"RB80","27","203","359","281.0","35.5","-"
"266",12,"Zack Moss",CIN,"RB81","27","215","388","283.1","36.1","-"
"267",12,"Kimani Vidal",LAC,"RB82","23","201","351","276.4","41.4","-"
"268",12,"Elijah Mitchell",KC,"RB83","27","196","368","285.0","42.0","-"
"269",12,"Calvin Austin III",PIT,"WR109","26","199","341","256.5","43.4","-"
"270",12,"Taysom Hill",NO,"TE39","34","154","331","249.2","59.2","-"
"271",12,"Kyle Monangai",CHI,"RB84","22","179","354","259.8","46.7","-"
"272",13,"Miles Sanders",DAL,"RB85","28","220","369","285.5","38.8","-"
"273",13,"Miami Dolphins",MIA,"DST2","-","169","340","262.1","41.4","-"
"274",13,"Tyler Conklin",LAC,"TE40","29","208","387","271.4","44.2","-"
"275",13,"Nick Westbrook-Ikhine",MIA,"WR110","28","176","355","280.4","52.6","-"
"276",13,"Woody Marks",HOU,"RB86","24","181","307","232.4","42.0","-"
"277",13,"Will Dissly",LAC,"TE41","28","201","346","273.8","51.5","-"
"278",13,"Jermaine Burton",CIN,"WR111","23","192","360","255.8","37.1","-"
"279",13,"Javon Baker",NE,"WR112","23","200","304","257.2","26.1","-"
"280",13,"Pittsburgh Steelers",PIT,"DST3","-","159","301","247.1","30.3","-"
"281",13,"Kenneth Gainwell",PIT,"RB87","26","219","398","291.8","44.4","-"
"282",13,"Tyler Higbee",LAR,"TE42","32","197","348","258.6","43.3","-"
"283",13,"Kirk Cousins",ATL,"QB37","36","167","342","248.3","43.2","-"
"284",13,"Oronde Gadsden II",LAC,"TE43","21","144","328","224.8","52.3","-"
"285",13,"Will Levis",TEN,"QB38","25","188","334","260.6","42.2","-"
"286",13,"Younghoe Koo",ATL,"K3","30","195","325","272.2","32.9","-"
"287",13,"Philadelphia Eagles",PHI,"DST4","-","139","323","241.9","36.9","-"
"288",13,"Raheem Mostert",LV,"RB88","33","256","386","304.7","32.4","-"
"289",13,"Matt Gay",WAS,"K4","31","208","358","276.9","35.6","-"
"290",13,"Denver Broncos",DEN,"DST5","-","183","318","246.9","32.1","-"
"291",13,"Jake Moody",SF,"K5","25","179","324","258.9","37.5","-"
"292",13,"Washington Commanders",WAS,"DST6","-","176","371","273.1","44.0","-"
"293",13,"Luke Musgrave",GB,"TE44","24","206","332","265.2","36.8","-"
"294",13,"Dyami Brown",JAC,"WR113","25","182","399","279.5","52.9","-"
"295",13,"Tai Felton",MIN,"WR114","22","156","385","235.7","62.9","-"
"296",13,"Daniel Carlson",LV,"K6","30","218","362","289.2","35.5","-"
"297",13,"Will Reichard",MIN,"K7","24","197","381","250.7","41.6","-"
"298",13,"Baltimore Ravens",BAL,"DST7","-","143","307","251.4","34.6","-"
"299",13,"Tutu Atwell",LAR,"WR115","25","176","377","282.8","61.0","-"
"300",13,"Joshua Karty",LAR,"K8","23","203","404","273.7","46.5","-"
"301",13,"Jameis Winston",NYG,"QB39","31","215","381","274.8","46.1","-"
"302",13,"New Orleans Saints",NO,"DST8","-","153","356","275.1","56.5","-"
"303",13,"Dameon Pierce",HOU,"RB89","25","222","398","300.5","43.7","-"
"304",13,"Chris Boswell",PIT,"K9","34","192","367","285.9","40.6","-"
"305",13,"Sean Tucker",TB,"RB90","23","207","393","294.1","46.6","-"
"306",13,"Malachi Corley",NYJ,"WR116","23","231","337","277.6","32.8","-"
"307",13,"Tyler Bass",BUF,"K10","28","174","353","278.5","37.5","-"
"308",13,"New England Patriots",NE,"DST9","-","183","396","268.9","53.3","-"
"309",13,"Mike Williams",LAC,"WR117","30","188","346","279.1","49.4","-"
"310",13,"Gunnar Helm",TEN,"TE45","22","187","344","248.8","51.9","-"
"311",13,"Arizona Cardinals",ARI,"DST10","-","181","394","282.3","51.1","-"
"312",13,"Blake Grupe",NO,"K11","26","201","353","265.0","40.0","-"
"313",13,"Evan McPherson",CIN,"K12","25","171","334","276.9","38.9","-"
"314",13,"Atlanta Falcons",ATL,"DST11","-","177","383","267.1","50.8","-"
"315",13,"Cam Little",JAC,"K13","21","212","373","287.4","44.1","-"
"316",13,"Tre Tucker",LV,"WR118","24","200","372","287.9","49.6","-"
"317",13,"Kansas City Chiefs",KC,"DST12","-","149","324","268.5","40.5","-"
"318",13,"Dallas Cowboys",DAL,"DST13","-","190","314","269.5","31.1","-"
"319",13,"Dont'e Thornton Jr.",LV,"WR119","22","169","365","247.9","57.4","-"
"320",13,"Seattle Seahawks",SEA,"DST14","-","172","374","285.3","51.2","-"
"321",13,"Justin Tucker",FA,"K14","35","200","397","276.2","44.7","-"
"322",13,"Cameron Dicker",LAC,"K15","25","186","343","277.8","37.9","-"
"323",13,"Jason Sanders",MIA,"K16","29","208","345","288.8","31.1","-"
"324",13,"Wil Lutz",DEN,"K17","30","219","366","279.8","43.4","-"
"325",13,"Houston Texans",HOU,"DST15","-","187","424","292.8","47.4","-"
"326",13,"Alexander Mattison",MIA,"RB91","26","248","393","317.2","42.5","-"
"327",13,"Chicago Bears",CHI,"DST16","-","161","377","273.7","44.9","-"
"328",13,"Jahan Dotson",PHI,"WR120","25","238","357","287.0","33.3","-"
"329",13,"Jaylin Lane",WAS,"WR121","23","199","361","264.9","46.2","-"
"330",13,"Jake Elliott",PHI,"K18","30","191","354","278.1","35.1","-"
"331",13,"Ka'imi Fairbairn",HOU,"K19","31","199","336","268.5","35.0","-"
"332",13,"Sincere McCormick",LV,"RB92","24","216","364","301.0","47.9","-"
"333",13,"John Metchie III",HOU,"WR122","24","237","356","281.9","39.0","-"
"334",13,"Minnesota Vikings",MIN,"DST17","-","184","366","294.6","45.2","-"
"335",13,"Cam Akers",FA,"RB93","25","253","382","296.3","36.6","-"
"336",13,"Los Angeles Chargers",LAC,"DST18","-","196","341","276.5","35.1","-"
"337",13,"Ty Johnson",BUF,"RB94","27","231","355","299.7","34.0","-"
"338",14,"Brandon McManus",GB,"K20","33","211","400","284.1","45.7","-"
"339",14,"Chimere Dike",TEN,"WR123","23","174","352","260.1","56.4","-"
"340",14,"Curtis Samuel",BUF,"WR124","28","199","377","299.4","47.1","-"
"341",14,"Buffalo Bills",BUF,"DST19","-","219","325","264.7","29.9","-"
"342",14,"Greg Zuerlein",FA,"K21","37","222","384","294.3","43.2","-"
"343",14,"Demarcus Robinson",SF,"WR125","30","206","395","313.7","60.3","-"
"344",14,"Erick All Jr.",CIN,"TE46","24","180","374","284.8","56.6","-"
"345",14,"Dustin Hopkins",CLE,"K22","34","215","388","299.7","43.0","-"
"346",14,"Zamir White",LV,"RB95","25","216","358","320.9","36.4","-"
"347",14,"Detroit Lions",DET,"DST20","-","198","375","265.3","42.8","-"
"348",14,"Gus Edwards",FA,"RB96","30","200","387","306.1","55.2","-"
"349",14,"New York Jets",NYJ,"DST21","-","168","347","269.3","40.9","-"
"350",14,"Green Bay Packers",GB,"DST22","-","200","333","285.1","32.7","-"
"351",14,"Jacory Croskey-Merritt",WAS,"RB97","24","198","357","285.5","41.6","-"
"352",14,"Dawson Knox",BUF,"TE47","28","218","348","299.1","42.3","-"
"353",14,"Will Howard",PIT,"QB40","23","199","361","272.9","44.4","-"
"354",14,"Mason Rudolph",PIT,"QB41","29","218","385","300.1","60.9","-"
"355",14,"Noah Brown",WAS,"WR126","29","236","399","300.6","52.6","-"
"356",14,"LeQuint Allen Jr.",JAC,"RB98","20","230","357","300.9","35.3","-"
"357",14,"San Francisco 49ers",SF,"DST23","-","155","311","261.0","43.3","-"
"358",14,"Ty Chandler",MIN,"RB99","27","261","383","315.9","34.8","-"
"359",14,"Jalin Hyatt",NYG,"WR127","23","239","367","295.1","30.7","-"
"360",14,"Jake Bates",DET,"K23","26","202","371","287.8","51.4","-"
"361",14,"Jason Myers",SEA,"K24","34","222","386","303.4","40.7","-"
"362",14,"Cairo Santos",CHI,"K25","33","218","404","306.1","52.1","-"
"363",14,"Aidan O'Connell",LV,"QB42","26","235","426","303.5","62.1","-"
"364",14,"Jalen Nailor",MIN,"WR128","26","236","408","307.8","56.0","-"
"365",14,"Las Vegas Raiders",LV,"DST24","-","214","379","298.9","48.9","-"
"366",14,"Cade Stover",HOU,"TE48","24","257","386","303.0","40.6","-"
"367",14,"Tennessee Titans",TEN,"DST25","-","201","412","306.9","68.0","-"
"368",14,"AJ Barner",SEA,"TE49","23","231","388","308.2","47.5","-"
"369",14,"Chase McLaughlin",TB,"K26","29","206","372","293.2","50.2","-"
"370",14,"A.J. Dillon",PHI,"RB100","27","265","374","320.8","39.2","-"
"371",14,"Jonathan Mingo",DAL,"WR129","24","249","367","309.8","40.1","-"
"372",14,"New York Giants",NYG,"DST26","-","206","411","309.9","64.5","-"
"373",14,"Cleveland Browns",CLE,"DST27","-","160","330","278.6","50.7","-"
"374",14,"Ricky White III",SEA,"WR130","23","238","371","298.3","51.1","-"
"375",14,"Devontez Walker",BAL,"WR131","23","274","375","325.7","28.6","-"
"376",14,"Dillon Gabriel",CLE,"QB43","24","234","400","300.2","54.8","-"
"377",14,"Joe Flacco",CLE,"QB44","40","242","367","300.7","46.8","-"
"378",14,"Chris Rodriguez Jr.",WAS,"RB101","25","281","418","329.0","38.6","-"
"379",14,"Raheim Sanders",LAC,"RB102","22","244","387","304.9","46.5","-"
"380",14,"Luke Schoonmaker",DAL,"TE50","26","274","380","320.0","33.5","-"
"381",14,"Darnell Washington",PIT,"TE51","23","264","374","320.4","37.4","-"
"382",14,"Deshaun Watson",CLE,"QB45","29","244","420","321.6","58.6","-"
"383",14,"KaVontae Turpin",DAL,"WR132","28","207","415","291.6","65.3","-"
"384",14,"Tim Patrick",DET,"WR133","31","193","398","302.8","79.1","-"
"385",14,"Ray-Ray McCloud III",ATL,"WR134","28","226","372","319.2","51.9","-"
"386",14,"Tampa Bay Buccaneers",TB,"DST28","-","189","329","286.6","47.4","-"
"387",14,"Eddy Pineiro",FA,"K27","29","220","399","322.0","58.2","-"
"388",14,"Joe Milton III",DAL,"QB46","25","232","393","322.9","57.9","-"
"389",14,"Spencer Rattler",NO,"QB47","24","268","382","309.6","39.9","-"
"390",14,"Treylon Burks",TEN,"WR135","25","249","392","325.3","46.0","-"
"391",14,"Emanuel Wilson",GB,"RB103","26","233","438","331.9","54.6","-"
"392",14,"Foster Moreau",NO,"TE52","28","261","408","347.1","46.2","-"
"393",15,"Jacob Cowing",SF,"WR136","24","260","377","338.6","42.7","-"
"394",15,"Malik Willis",GB,"QB48","26","244","390","309.0","46.8","-"
"395",15,"Kenny Pickett",CLE,"QB49","26","256","433","352.1","48.8","-"
"396",15,"Greg Dortch",ARI,"WR137","26","271","429","354.6","49.4","-"
"397",15,"Mac Jones",SF,"QB50","26","265","419","318.5","60.2","-"
"398",15,"KeAndre Lambert-Smith",LAC,"WR138","23","269","409","328.0","49.5","-"
"399",15,"Luke Lachey",HOU,"TE53","23","260","373","314.1","47.7","-"
"400",15,"Player Name",FA,"WR139","-","1","386","129.3","181.5","-"
"401",15,"Mitchell Evans",CAR,"TE54","22","231","436","322.1","70.0","-"
"402",15,"Kendrick Bourne",NE,"WR140","29","251","446","352.6","56.1","-"
"403",15,"Sam Howell",MIN,"QB51","24","269","422","340.3","61.1","-"
"404",15,"Jeremy Ruckert",NYJ,"TE55","24","250","416","355.3","46.1","-"
"405",15,"Austin Hooper",NE,"TE56","30","294","412","355.7","42.0","-"
"406",15,"Riley Leonard",IND,"QB52","22","268","413","328.7","54.1","-"
"407",15,"Arian Smith",NYJ,"WR141","23","238","411","331.3","61.1","-"
"408",15,"Donovan Edwards",NYJ,"RB104","22","263","412","331.7","59.1","-"
"409",15,"Kyle McCord",PHI,"QB53","22","265","399","332.1","47.2","-"
"410",15,"Chris Brooks",GB,"RB105","25","294","441","348.4","54.7","-"
"411",15,"Jordan Watkins",SF,"WR142","23","225","366","288.4","46.1","-"
"412",15,"Trey Sermon",PIT,"RB106","26","299","428","354.5","40.1","-"
"413",15,"Indianapolis Colts",IND,"DST29","-","257","354","320.7","33.5","-"
"414",15,"Cincinnati Bengals",CIN,"DST30","-","227","409","320.8","71.9","-"
"415",15,"Dylan Laube",LV,"RB107","25","307","414","358.8","39.7","-"
"416",15,"Daniel Bellinger",NYG,"TE57","24","299","416","359.4","38.6","-"
"417",15,"Jake Browning",CIN,"QB54","29","268","433","348.0","63.3","-"
"418",15,"Ameer Abdullah",FA,"RB108","31","290","430","348.0","51.0","-"
"419",15,"Gardner Minshew II",KC,"QB55","29","266","434","335.5","68.0","-"
"420",15,"Phil Mafah",DAL,"RB109","22","192","397","315.2","70.1","-"
"421",15,"Kalel Mullings",TEN,"RB110","22","236","410","316.8","64.5","-"
"422",15,"Jimmy Horn Jr.",CAR,"WR143","22","212","405","318.0","77.2","-"
"423",15,"Trey Palmer",TB,"WR144","24","278","447","360.6","57.8","-"
"424",15,"Nick Nash",ATL,"WR145","24","257","423","344.8","61.0","-"
"425",15,"Greg Dulcich",NYG,"TE58","25","265","403","344.8","45.6","-"
"426",15,"Jacksonville Jaguars",JAC,"DST31","-","279","352","322.6","25.0","-"
"427",15,"Matt Prater",FA,"K28","40","253","380","326.8","46.7","-"
"428",15,"Josh Reynolds",NYJ,"WR146","30","181","436","298.8","90.7","-"
"429",15,"Jacoby Brissett",ARI,"QB56","32","256","439","331.0","69.3","-"
"430",15,"Thomas Fidone II",NYG,"TE59","22","258","407","334.6","58.3","-"
"431",15,"Carolina Panthers",CAR,"DST32","-","235","410","337.2","60.2","-"
"432",15,"Cooper Rush",BAL,"QB57","31","309","438","373.6","45.7","-"
"433",15,"Marcus Yarns",NO,"RB111","23","286","440","339.6","56.4","-"
"434",15,"Mack Hollins",NE,"WR147","31","260","405","310.8","55.8","-"
"435",15,"Zay Jones",ARI,"WR148","30","225","480","346.0","86.7","-"
"436",15,"Trey Lance",LAC,"QB58","25","316","427","361.7","44.6","-"
"437",15,"Jelani Woods",IND,"TE60","26","330","448","376.4","45.3","-"
"438",15,"Samaje Perine",CIN,"RB112","29","317","423","366.7","37.8","-"
"439",15,"Marquez Valdes-Scantling",SEA,"WR149","30","276","421","348.6","48.1","-"
"440",15,"Colby Parkinson",LAR,"TE61","26","321","445","380.4","45.1","-"
"441",15,"Michael Carter",ARI,"RB113","26","304","456","381.0","51.9","-"
"442",15,"Rondale Moore",MIN,"WR150","24","288","453","370.2","51.5","-"
"443",15,"Gavin Bartholomew",MIN,"TE62","22","278","421","353.2","52.1","-"
"444",15,"Drew Lock",SEA,"QB59","28","291","442","353.6","50.0","-"
"445",15,"Allen Lazard",NYJ,"WR151","29","198","441","284.0","111.2","-"
"446",15,"Davis Allen",LAR,"TE63","24","251","409","354.4","56.5","-"
"447",15,"Hendon Hooker",DET,"QB60","27","290","425","354.6","55.2","-"
"448",15,"Chad Ryland",ARI,"K29","25","187","408","287.7","91.3","-"
"449",15,"Jimmy Garoppolo",LAR,"QB61","33","285","435","359.4","58.5","-"
"450",15,"Grant Calcaterra",PHI,"TE64","26","263","444","339.3","66.2","-"
"451",15,"Carson Steele",KC,"RB114","22","349","451","382.0","38.5","-"
"452",15,"Tyler Boyd",FA,"WR152","30","326","448","367.6","43.2","-"
"453",15,"Tommy Tremble",CAR,"TE65","24","261","453","368.4","76.7","-"
"454",15,"Jared Wiley",KC,"TE66","24","344","449","384.2","35.9","-"
"455",15,"Zach Wilson",MIA,"QB62","25","344","437","394.9","33.4","-"
"456",15,"Theo Wease Jr.",MIA,"WR153","23","237","245","241.0","4.0","-"
"457",15,"Antwane Wells Jr.",NYG,"WR154","24","245","247","246.0","1.0","-"
"458",15,"Nick Folk",FA,"K30","40","228","376","319.0","65.0","-"
"459",15,"Ezekiel Elliott",FA,"RB115","29","303","449","376.0","60.1","-"
"460",15,"Israel Abanikanda",SF,"RB116","22","236","425","323.0","77.9","-"
"461",15,"D'Onta Foreman",FA,"RB117","29","243","452","357.0","87.3","-"
"462",15,"Rasheen Ali",BAL,"RB118","24","320","414","377.8","32.5","-"
"463",15,"Stone Smartt",NYJ,"TE67","26","321","428","379.6","34.3","-"
"464",15,"Eric Gray",NYG,"RB119","25","345","424","379.8","34.0","-"
"465",16,"Hunter Renfrow",CAR,"WR155","29","219","445","333.7","92.3","-"
"466",16,"Gerald Everett",FA,"TE68","30","300","476","370.0","64.8","-"
"467",16,"Marcus Mariota",WAS,"QB63","31","284","387","335.3","42.0","-"
"468",16,"Graham Gano",NYG,"K31","38","234","405","335.7","73.5","-"
"469",16,"Kalif Raymond",DET,"WR156","30","301","460","368.0","58.6","-"
"470",16,"Kurtis Rourke",SF,"QB64","24","258","420","338.0","66.2","-"
"471",16,"Bub Means",NO,"WR157","24","287","463","372.0","62.3","-"
"472",16,"Jake Bobo",SEA,"WR158","26","358","457","401.7","38.5","-"
"473",16,"Andy Dalton",CAR,"QB65","37","331","361","347.0","12.3","-"
"474",16,"Jaydn Ott",FA,"RB120","-","292","298","295.0","3.0","-"
"475",16,"Jake Briningstool",KC,"TE69","22","313","455","394.0","51.2","-"
"476",16,"Ja'Quinden Jackson",JAC,"RB121","23","299","304","301.5","2.5","-"
"477",16,"Hayden Hurst",FA,"TE70","31","305","466","382.8","57.1","-"
"478",16,"Van Jefferson",TEN,"WR159","28","281","478","386.3","71.8","-"
"479",16,"Harrison Bryant",PHI,"TE71","27","334","468","386.3","53.8","-"
"480",16,"Efton Chism III",NE,"WR160","-","235","450","361.0","91.6","-"
"481",16,"Josh Oliver",MIN,"TE72","28","342","500","396.0","61.7","-"
"482",16,"Hunter Long",JAC,"TE73","26","275","454","371.3","73.7","-"
"483",16,"Kylen Granson",PHI,"TE74","27","330","487","402.0","56.0","-"
"484",16,"Tylan Wallace",BAL,"WR161","26","292","378","335.0","43.0","-"
"485",16,"Tyler Huntley",FA,"QB66","27","328","346","337.0","9.0","-"
"486",16,"Elijah Higgins",ARI,"TE75","24","355","475","414.4","44.7","-"
"487",16,"Carson Wentz",FA,"QB67","32","325","356","340.5","15.5","-"
"488",16,"Brevin Jordan",HOU,"TE76","24","330","482","388.7","66.7","-"
"489",16,"Emari Demercado",ARI,"RB122","26","327","474","406.8","57.6","-"
"490",16,"Charlie Kolar",BAL,"TE77","26","329","481","393.0","64.3","-"
"491",16,"JuJu Smith-Schuster",KC,"WR162","28","377","459","415.2","34.7","-"
"492",16,"Brock Wright",DET,"TE78","26","324","472","391.3","61.1","-"
"493",16,"Johnny Wilson",PHI,"WR163","24","370","455","416.0","34.2","-"
"494",16,"Jarrett Stidham",DEN,"QB68","28","333","372","352.5","19.5","-"
"495",16,"Jamaal Pritchett",NYJ,"WR164","-","274","465","392.7","84.6","-"
"496",16,"Tip Reiman",ARI,"TE79","23","344","483","401.0","59.4","-"
"497",16,"Joshua Dobbs",NE,"QB69","30","339","383","361.0","22.0","-"
"498",16,"Olamide Zaccheaus",CHI,"WR165","27","278","461","369.5","91.5","-"
"499",16,"Michael Gallup",WAS,"WR166","29","279","464","371.5","92.5","-"
"500",16,"Adam Trautman",DEN,"TE80","28","345","503","414.3","65.9","-"
"501",16,"Clyde Edwards-Helaire",NO,"RB123","26","306","444","375.0","69.0","-"
"502",16,"Jaheim Bell",NE,"TE81","23","371","467","420.8","41.4","-"
"503",16,"Pierre Strong Jr.",CLE,"RB124","26","321","440","380.5","59.5","-"
"504",16,"Kaden Prather",BUF,"WR167","22","303","473","388.0","85.0","-"
"505",16,"Josh Whyle",TEN,"TE82","25","368","502","421.3","58.0","-"
"506",16,"Jamaal Williams",FA,"RB125","30","323","442","382.5","59.5","-"
"507",16,"Joey Slye",TEN,"K32","29","359","407","383.0","24.0","-"
"508",16,"Jeff Wilson Jr.",FA,"RB126","29","326","446","386.0","60.0","-"
"509",16,"Konata Mumpfield",LAR,"WR168","22","315","462","388.5","73.5","-"
"510",16,"Greg Joseph",SF,"K33","30","370","406","388.0","18.0","-"
"511",16,"Dominic Lovett",DET,"WR169","22","336","469","402.5","66.5","-"
"512",16,"Moliki Matavao",NO,"TE83","22","340","470","405.0","65.0","-"
"513",16,"Lil'Jordan Humphrey",NYG,"WR170","27","342","486","414.0","72.0","-"
"514",16,"Craig Reynolds",DET,"RB127","28","352","488","420.0","68.0","-"
"515",16,"Jeremy McNichols",WAS,"RB128","29","353","489","421.0","68.0","-"
"516",16,"Montrell Johnson Jr.",PHI,"RB129","22","358","491","424.5","66.5","-"
"517",16,"Corey Kiner",SF,"RB130","23","362","492","427.0","65.0","-"
"518",16,"KhaDarel Hodge",ATL,"WR171","30","369","493","431.0","62.0","-"
"519",16,"Zach Pascal",NYG,"WR172","30","371","494","432.5","61.5","-"
"520",16,"Brenden Rice",LAC,"WR173","23","373","479","426.0","53.0","-"
"521",16,"Sterling Shepard",TB,"WR174","32","373","495","434.0","61.0","-"
"522",16,"David Moore",CAR,"WR175","30","376","496","436.0","60.0","-"
"523",16,"Jamari Thrash",CLE,"WR176","24","377","497","437.0","60.0","-"
"524",16,"A.T. Perry",DEN,"WR177","25","378","484","431.0","53.0","-"
"525",16,"Jalen Brooks",DAL,"WR178","25","380","498","439.0","59.0","-"
"526",16,"Will Mallory",IND,"TE84","25","381","485","433.0","52.0","-"
"527",16,"Terrace Marshall Jr.",PHI,"WR179","24","381","499","440.0","59.0","-"
"528",16,"Drew Sample",CIN,"TE85","29","393","501","447.0","54.0","-"
"529",16,"Xavier Hutchinson",HOU,"WR180","24","396","490","443.0","47.0","-"
"530",16,"Drew Ogletree",IND,"TE86","26","396","504","450.0","54.0","-"
"531",16,"Mo Alie-Cox",IND,"TE87","31","398","505","451.5","53.5","-"
"532",16,"LaJohntay Wester",BAL,"WR181","23","400","477","445.0","32.8","-"
"533",16,"Johnny Mundt",JAC,"TE88","30","399","506","452.5","53.5","-"
"534",16,"Cody Schrader",LAR,"RB131","25","422","458","440.0","18.0","-"